{"theta": 0.0631032528238647, "rho": 0.00974195629586056, "lam": [0.5772991581218988, 0.46911568812778615, 0.1678753797303791, 0.18220754459669325, 0.28823878955330534, 0.5296391720126458, 0.9615034305465574, 1.5908198161721083, 2.2085302893696084, 2.527315104433088, 2.5796113845373907, 2.4622799251378176, 2.196735792615817, 1.8784315369580094, 1.5968650118659353, 1.3913473405956833, 1.2639535426146624, 1.1940039732004646, 1.162450758607436, 1.15935168052011, 1.1768935818211959, 1.2288621172581669, 1.364178360921711, 1.6457300139783775, 2.0975169960279225, 2.591499928505377, 2.806831564651145, 2.4524672585343024], "t_max": 13.864711733400041, "n_steps": 64, "mu": 2.5e-08, "pattern": "1*4+25*2+1*4+1*6"}