{"theta": 0.09490195521513732, "rho": 0.013119441514111088, "lam": [0.8131146970415734, 4.227721904391089, 1.5392230402802403, 1.178906434255749, 1.198126600610336, 1.4550411018461658, 1.6881918218864589, 1.8414068603717362, 1.9029641182970023, 1.747488101091442, 1.420434940665099, 1.1249307034351521, 0.9336927462385006, 0.8271214095269307, 0.7691546805187022, 0.7434856552333636, 0.7460701645060425, 0.7711329144987601, 0.8211131362605122, 0.9153807519813021, 1.0788724575615993, 1.3196445217711303, 1.5747192708326914, 1.722749868987281, 1.7310293134871237, 1.6659682888991156, 1.592717783405655, 1.6793291150889675], "t_max": 15.023238064201724, "n_steps": 64, "mu": 2.5e-08, "pattern": "1*4+25*2+1*4+1*6"}