{"theta": 0.07961095250396459, "rho": 0.014921492504876942, "lam": [0.17628813833536047, 0.9956010516558932, 1.2413232534482752, 1.152361109882916, 1.3366685161572525, 2.086720525332647, 2.252791704265624, 1.9595648556188328, 1.621489502748928, 1.370669174097534, 1.2361460637459656, 1.1244240895039117, 1.0015472946999753, 0.8900930851067009, 0.8180375089247476, 0.7984377796143108, 0.8217453517152716, 0.8633311693570292, 0.9109330046836179, 0.9784639815162366, 1.0863227370133173, 1.2268586097595189, 1.363725969476123, 1.4746312093898564, 1.5538064897173967, 1.5704685751959542, 1.4706775395432101, 1.272246415154873], "t_max": 14.97854293892336, "n_steps": 64, "mu": 2.5e-08, "pattern": "1*4+25*2+1*4+1*6"}