{"theta": 0.05964890840491999, "rho": 0.0094478255658129, "lam": [2.8428300628852305, 1.6571646727021825, 0.26493764581132573, 0.20390795817290616, 0.30366481555038755, 0.47719207757448984, 0.8093431659395286, 1.4009225701156702, 2.055720546063267, 2.5930417528882117, 2.8651609963058933, 2.866303190630571, 2.4995789792440735, 1.9942808302299733, 1.621710786145906, 1.3860431141438887, 1.230119140961033, 1.1326923875743768, 1.0961588192547116, 1.1168247809153231, 1.1830942581583925, 1.2846876223764474, 1.4219419024021605, 1.6198426744130672, 1.932236999139655, 2.37247180046758, 2.783712943179655, 2.4019813314968697], "t_max": 13.844147323747563, "n_steps": 64, "mu": 2.5e-08, "pattern": "1*4+25*2+1*4+1*6"}