{"theta": 0.05894313188822718, "rho": 0.011049596125527144, "lam": [0.25884686215255287, 0.9844307723345502, 0.29528949605963845, 0.2491143308429648, 0.29940055590148246, 0.45078616312329656, 0.790506231512116, 1.393145030849247, 1.9940488705894992, 2.1473550709220093, 1.9274906404556436, 1.7212963884342571, 1.6173618999436261, 1.5473639151561573, 1.495048528817595, 1.430267753882024, 1.3204378050005168, 1.1964231344878087, 1.106289536689212, 1.0687141266117215, 1.0878834561326, 1.1767614937606583, 1.3437133550840232, 1.57195061395579, 1.8252282345927624, 2.079793347712058, 2.4018164871164314, 2.2167028695658058], "t_max": 14.097269715382039, "n_steps": 64, "mu": 2.5e-08, "pattern": "1*4+25*2+1*4+1*6"}