{"theta": 0.07100630913238536, "rho": 0.01037458168815943, "lam": [1.4426905753698862, 0.4377901775810408, 0.18383595462087737, 0.22125023658994175, 0.3594321082743003, 0.6384731898576006, 1.1357487473906642, 1.7988877728343151, 2.2332501893479506, 2.3699378004124187, 2.383168279550888, 2.181790644330287, 1.8289048959132845, 1.4966933008438177, 1.2602808488991626, 1.1171825358118566, 1.0387786180350385, 1.006563322279789, 1.0105267692111495, 1.0407917330425793, 1.0989956941041297, 1.2141498275478444, 1.4360031905437454, 1.794969260691205, 2.2065632991426996, 2.4521954318300776, 2.338365278471734, 2.1643812861380076], "t_max": 14.211355225382919, "n_steps": 64, "mu": 2.5e-08, "pattern": "1*4+25*2+1*4+1*6"}