{"theta": 0.05839816723479603, "rho": 0.009173310709955024, "lam": [9.039011299899267, 0.7152590799732365, 0.20720147919758833, 0.20264271090797714, 0.30700908450673503, 0.47510437492406815, 0.7735718961338903, 1.4019989187077553, 2.153916683349122, 2.546136224606302, 2.5127911068304822, 2.3993056655974803, 2.3033246134690253, 2.0871212458564745, 1.756542883228075, 1.4871009609027177, 1.318329033835193, 1.2254479583682751, 1.191942775726587, 1.203834154548225, 1.2453542968590923, 1.3098722267187186, 1.4185326146310093, 1.6251623920733935, 1.9742104352862104, 2.39357843078035, 2.671954052127207, 2.3591712643086873], "t_max": 13.695793685450855, "n_steps": 64, "mu": 2.5e-08, "pattern": "1*4+25*2+1*4+1*6"}