{"theta": 0.06738333900353823, "rho": 0.01016828840788124, "lam": [2.6868413949326975, 0.41598458402385186, 0.16951226287312493, 0.19848351983804768, 0.3170834609871342, 0.5956079558193433, 1.1111368483029551, 1.7717985495281232, 2.254743284335219, 2.42593344044942, 2.44926735651084, 2.2951937797707873, 1.9926489282998234, 1.6735054584979576, 1.410914639284272, 1.2222624170966059, 1.1150553200060136, 1.0751993738647543, 1.0775335615436685, 1.1018172136095121, 1.147776007635421, 1.238869244974982, 1.41334076412175, 1.7066967217522067, 2.0994403191023565, 2.449014383622349, 2.4909033052415293, 2.262528202089623], "t_max": 14.093473904419978, "n_steps": 64, "mu": 2.5e-08, "pattern": "1*4+25*2+1*4+1*6"}