{"theta": 0.0481739607086276, "rho": 0.010527464796505235, "lam": [0.25908566017923934, 0.6591092794595005, 0.48477422615875876, 0.3075360185582109, 0.26514201149164285, 0.302484232516468, 0.4042099579456992, 0.6944145789038232, 1.2554584204306587, 1.8953235216862958, 2.3179463962165205, 2.3526578456483294, 2.1484239472749134, 1.9854104880414674, 1.9140672087721695, 1.8339766888778946, 1.6837043114437227, 1.5024129826162123, 1.3555029177388276, 1.277910478054852, 1.2744894946240684, 1.3289138204167115, 1.4122462577399353, 1.5163677261437574, 1.6906962446737706, 2.004306811913717, 2.6301795159479844, 3.7626868822088015], "t_max": 13.737246207962334, "n_steps": 64, "mu": 2.5e-08, "pattern": "1*4+25*2+1*4+1*6"}