{"theta": 0.09113617167202828, "rho": 0.012468617410445214, "lam": [1.3636732572879615, 1.1996398579123029, 0.4966595026520213, 0.5102482626566175, 0.8092519589387445, 1.2754001699574358, 1.7089146358301055, 1.7957364921556647, 1.7405936129430535, 1.6742323603909604, 1.5166289139885938, 1.2819895226606144, 1.0674254066694744, 0.9134510382396229, 0.818271121521531, 0.7775660409471408, 0.7783629085547225, 0.8025262866679903, 0.8444164318577967, 0.9231013236471175, 1.0693508838957522, 1.3047450991173033, 1.5924138317823042, 1.8084174606780608, 1.8561413742039776, 1.7717825998000125, 1.61006440223814, 1.6102039689223375], "t_max": 14.883981944452733, "n_steps": 64, "mu": 2.5e-08, "pattern": "1*4+25*2+1*4+1*6"}