{"theta": 0.07586407457777354, "rho": 0.011041542826899776, "lam": [1.016814780602035, 2.336546277911943, 0.5609511021944262, 0.47952812693452945, 0.7606641537607256, 1.128513805771219, 1.6140757793919782, 1.9191418429326148, 1.8989941901993723, 1.8134541485785247, 1.7836250666902087, 1.6903386695136278, 1.4684317009355023, 1.2367773743870512, 1.0582585076543654, 0.9355548190460918, 0.8721040908047869, 0.860531818495112, 0.8952699930615158, 0.9744973419282015, 1.100209852148425, 1.2856947246741224, 1.5455782341071715, 1.8359280519578673, 2.033100176895584, 2.0747072880936086, 1.948706877204526, 1.501937265945921], "t_max": 14.457225707363637, "n_steps": 64, "mu": 2.5e-08, "pattern": "1*4+25*2+1*4+1*6"}