{"theta": 0.07616352615487242, "rho": 0.014130335047373327, "lam": [0.16301441099727743, 0.5194929614514917, 0.7904517533362262, 0.8012856206900955, 0.7678027648797873, 1.178896383640837, 1.6933378855085488, 1.7714828400855853, 1.7950525734797662, 1.6914275097386893, 1.4720920580726093, 1.2906266903943608, 1.1614052035650728, 1.047002306685674, 0.9525800281432801, 0.8913705571064812, 0.863040452455147, 0.8624167914049609, 0.8891766193815486, 0.954048047715847, 1.0688880231676532, 1.2344364950700302, 1.433106949637883, 1.6203193610226283, 1.7360768987508495, 1.7530523670650309, 1.67071402285804, 1.6801335172265726], "t_max": 14.746690181610996, "n_steps": 64, "mu": 2.5e-08, "pattern": "1*4+25*2+1*4+1*6"}