{"theta": 0.07912547130564664, "rho": 0.011716673561727365, "lam": [0.41258703396447394, 0.5508511578743712, 1.4350624747131817, 1.43288272313106, 1.3369312004836937, 1.4152262366370432, 1.6668059645635647, 1.7540212341161647, 2.026602090146194, 2.1641291242145106, 1.8472781650015375, 1.4192738421806805, 1.1359180763809005, 0.984503863535446, 0.9105001977658627, 0.8852923028881633, 0.888893888652931, 0.9064454060561238, 0.9290111483896621, 0.9641103479888672, 1.045428410848481, 1.2226675345091498, 1.5283295483957138, 1.8992258538357891, 2.1312819699177767, 2.059831256146299, 1.710982796112901, 1.4992323308280902], "t_max": 14.582366125457304, "n_steps": 64, "mu": 2.5e-08, "pattern": "1*4+25*2+1*4+1*6"}