{"theta": 0.09122987880104529, "rho": 0.012670233370308181, "lam": [0.35986123807539544, 0.616668779764158, 0.9063814780608437, 1.0310939340211616, 1.2308354842973268, 1.523394419541467, 1.6409283005297999, 1.8177384699815033, 1.9719636453696474, 1.8141404203899933, 1.4838401174987694, 1.2011128408613116, 0.9984304995030241, 0.8667157005225373, 0.7988297152821439, 0.7762170507708336, 0.7802799838378193, 0.8002781493376301, 0.8378924512188218, 0.9148494771931599, 1.0647281828441049, 1.3113589046675704, 1.6139569024709497, 1.821985674849342, 1.818814353145343, 1.6837201290336163, 1.552036235815936, 1.8147027762532222], "t_max": 14.92775802730668, "n_steps": 64, "mu": 2.5e-08, "pattern": "1*4+25*2+1*4+1*6"}