{"theta": 0.07505095318230097, "rho": 0.01435400505162878, "lam": [0.19127403873046514, 0.47813576648583067, 0.5470234771260023, 0.8528362281041882, 0.8937205945408574, 1.0526067011369198, 1.414001232472954, 1.6336158782539043, 1.729987425862579, 1.7857160962639085, 1.6125612565823293, 1.3808302394940926, 1.1679382752527632, 1.002833283901686, 0.9090266414667073, 0.8743500831850567, 0.8651852100252828, 0.8574846160978004, 0.8589016634628887, 0.8995708165358095, 1.0103556498145567, 1.2106400404941853, 1.4852497317946776, 1.7725773466540349, 1.9877493676637414, 2.051642145315699, 1.880123395506834, 1.4897543612056565], "t_max": 14.779893194754278, "n_steps": 64, "mu": 2.5e-08, "pattern": "1*4+25*2+1*4+1*6"}