{"theta": 0.08185708271663562, "rho": 0.010873783855624953, "lam": [0.24725413955411973, 1.0636047008822784, 1.3346802685219452, 1.5211747059949274, 1.4014697851471773, 1.6336877281881967, 1.9632798294332903, 2.063570319516189, 1.963254701446294, 1.8699227231431246, 1.7151044337117145, 1.44642052562424, 1.2035352993161945, 1.0430539362893778, 0.9457278146546074, 0.8840050574708753, 0.8489776391200357, 0.8426828534889909, 0.8686975455420298, 0.9364307698837341, 1.0683644241275085, 1.292580481226047, 1.6027149975359165, 1.9013667265149894, 2.0356242668534, 1.966799783697735, 1.8042466279314127, 2.2297071787709726], "t_max": 14.624452290290794, "n_steps": 64, "mu": 2.5e-08, "pattern": "1*4+25*2+1*4+1*6"}