{"theta": 0.03338822472817287, "rho": 0.004728041786811979, "lam": [9.999965488612075, 1.4083384946795094, 0.3470315766012669, 0.268321150254199, 0.3020136937256586, 0.30686930132755275, 0.28533589438868445, 0.29754428078497885, 0.46098513101073085, 1.0248710357618849, 2.2161307959970626, 3.3659732354427825, 3.6876059052277697, 3.2219742452338767, 2.5128967195405973, 1.918789644027774, 1.5697290066194498, 1.4424618961067248, 1.4185865698191544, 1.4223487753756094, 1.4358129572451128, 1.4596961636881431, 1.4958884385011868, 1.5755775291437666, 1.7185078604924693, 1.8861926680693597, 1.964884967587882, 5.810538925026273], "t_max": 14.014009988269034, "n_steps": 64, "mu": 2.5e-08, "pattern": "1*4+25*2+1*4+1*6"}