{"theta": 0.05655292119570338, "rho": 0.008889005041097865, "lam": [0.1424543775333931, 1.7122068589536799, 0.813775165326463, 0.7064497127039455, 0.7816319533918761, 1.058496353561935, 1.9446851968606416, 3.5409466613810587, 4.903625901770168, 4.351251347668669, 2.916852272086758, 1.835907050832756, 1.2353222138244355, 0.9516543738500998, 0.8454030045270744, 0.8207599080334795, 0.8215175200023154, 0.8201296594846652, 0.8229341791415569, 0.8524668587603995, 0.9192333317359873, 1.0257971776782029, 1.1943170563887935, 1.4399514386168073, 1.6900078897794046, 1.7723232983644952, 1.563988020732161, 1.1489269199717338], "t_max": 14.938924202940493, "n_steps": 64, "mu": 2.5e-08, "pattern": "1*4+25*2+1*4+1*6"}