{"theta": 0.03331131628216906, "rho": 0.004770483179526058, "lam": [4.195570572254653, 1.7094234771045511, 0.35978969942905387, 0.2684602177918034, 0.2809637320495606, 0.28655481716179115, 0.2769986189720251, 0.32257567352266314, 0.5363253300316827, 1.098923915858178, 2.1515154502812, 3.2222528215296866, 3.5149210489468685, 3.08570100863689, 2.4849293676502975, 2.0014954379119687, 1.6993772701395986, 1.5413827256283161, 1.4584969989382273, 1.4133431776029077, 1.4013034414387064, 1.419222420686021, 1.4538665574341303, 1.5170563299322648, 1.6440310194178713, 1.8473532228823342, 2.13258895939136, 5.004374454266279], "t_max": 13.96299232436637, "n_steps": 64, "mu": 2.5e-08, "pattern": "1*4+25*2+1*4+1*6"}