{"theta": 0.05165030705582634, "rho": 0.0076005446916967674, "lam": [9.812265434036187, 3.5577608695563456, 0.3888933222849868, 0.23882967846589187, 0.6494695543691368, 1.7582240382415053, 2.4436948003858507, 1.945703098570183, 1.39474691540934, 1.067855986022401, 0.9430304792567539, 0.9285727133133762, 0.9331476582150243, 0.9432159916195139, 0.9597577477730632, 0.9664705966995992, 0.9574747051792357, 0.9407104290386411, 0.9336420534625623, 0.9523114339220955, 1.0073246477250104, 1.1066412790027886, 1.2701002757380144, 1.5235309778166308, 1.8332156583257286, 2.071706036469892, 1.99805060147969, 1.3291861417801392], "t_max": 14.876447298038997, "n_steps": 64, "mu": 2.5e-08, "pattern": "1*4+25*2+1*4+1*6"}