{"theta": 0.0568383738983779, "rho": 0.008837371710828514, "lam": [0.15988719255207282, 1.3566945914892667, 0.9990986044400652, 0.6535344062205976, 0.641272145013633, 0.9171253901175208, 1.7353597838918786, 3.257630977472873, 4.467668370564935, 4.173819889407067, 2.970260138153338, 1.9016925767176072, 1.277773321418516, 0.9785030992754813, 0.8531353748790009, 0.8143254649926038, 0.8156590220758646, 0.8282604299668428, 0.8445683663223981, 0.8797965986147448, 0.95812118854349, 1.096444630339011, 1.288355254957627, 1.482736551456632, 1.5875467162811532, 1.5382388464017083, 1.3325627133184583, 1.1087269002268128], "t_max": 14.874110485880092, "n_steps": 64, "mu": 2.5e-08, "pattern": "1*4+25*2+1*4+1*6"}