{"theta": 0.05148239956383041, "rho": 0.007691405125498807, "lam": [4.8213101207028215, 3.579942030625357, 0.38354850813066826, 0.25986328302366013, 0.716851748775156, 1.7759304986690103, 2.355273723682563, 1.9273525276195083, 1.4039889214421357, 1.0989180447789506, 0.9728226587107317, 0.9404960857263507, 0.9370923707410895, 0.9399897361909996, 0.9448016864900871, 0.9425427213314791, 0.9296540509907647, 0.9155579242779288, 0.9184435154186211, 0.9489791031126088, 1.0101410867722587, 1.1099116989588724, 1.2734739994759787, 1.5220072932134858, 1.798145624457892, 1.9834486770593487, 1.979758209792709, 1.3838505839158346], "t_max": 14.904822622842655, "n_steps": 64, "mu": 2.5e-08, "pattern": "1*4+25*2+1*4+1*6"}