{"theta": 0.05910395859433937, "rho": 0.007498855107832823, "lam": [2.8568335996872207, 0.360680863831218, 0.18055589623671414, 0.20513765800301595, 0.3346041518121242, 0.5061742076564105, 0.855044147485319, 1.4427745344504093, 2.076734034959677, 2.387046769909734, 2.281572300349113, 2.0025388048063726, 1.7293608815748815, 1.4990597087671906, 1.301733366845101, 1.1660992074973837, 1.0953802116518818, 1.0679282661246823, 1.0624516235106092, 1.0735895781741658, 1.1246003554966062, 1.2487896087838226, 1.446491845726894, 1.6801381426271387, 1.9125083023542278, 2.0729316076251125, 2.0626278247958627, 4.284366628421986], "t_max": 14.213373496806394, "n_steps": 64, "mu": 2.5e-08, "pattern": "1*4+25*2+1*4+1*6"}