{"theta": 0.05889255393001818, "rho": 0.007389616944068727, "lam": [1.617849328512356, 0.39096351903734416, 0.15527250625051683, 0.2166354519294132, 0.3508423421890482, 0.5702177179316827, 0.8417297684411913, 1.4104524303338235, 2.1960559523303194, 2.4705539556093403, 2.21536288755812, 1.944746230857959, 1.7166027559983579, 1.4977653921093521, 1.3222558557191233, 1.1863381943390081, 1.086974910638678, 1.036948483995222, 1.032061963543441, 1.066927790559059, 1.1408803685970457, 1.2592331383912665, 1.4373883734876922, 1.6847364912963843, 1.946808450607825, 2.0531701811788747, 1.828382259084134, 5.548866183403962], "t_max": 14.325149150098548, "n_steps": 64, "mu": 2.5e-08, "pattern": "1*4+25*2+1*4+1*6"}