{"theta": 0.060040520387672866, "rho": 0.012396133036367206, "lam": [0.28849819871166316, 0.6399607843103541, 0.3157997968885841, 0.3577689506586256, 0.4059578695331456, 0.5204587083834507, 0.7928009652380537, 1.2103763817861182, 1.5239655491831308, 1.647794958018538, 1.720211751312216, 1.740891077184167, 1.6390641603116125, 1.4729613703157263, 1.3243919002100915, 1.2042160698138962, 1.1016770572257994, 1.0252851221070223, 0.9893573841263409, 1.0129788995441884, 1.1150284511299944, 1.2960251041743192, 1.5256429555161368, 1.7511285475605765, 1.9140040693844171, 1.9696551425065842, 1.8363368221032177, 1.2956912987145852], "t_max": 14.315667549284074, "n_steps": 64, "mu": 2.5e-08, "pattern": "1*4+25*2+1*4+1*6"}